{
  "timestamp": "2026-04-23T15:55:58.597468",
  "problem": {
    "type": "1D Wave Equation",
    "domain": "[0, 1.0] x [-1.0, 1.0]",
    "wave_speed": 1.0,
    "methods": [
      "pinn",
      "sls"
    ],
    "models": [
      "neural",
      "kan"
    ]
  },
  "combinations": [
    {
      "label": "PINN-NEURAL",
      "method": "pinn",
      "model": "neural"
    },
    {
      "label": "PINN-KAN",
      "method": "pinn",
      "model": "kan"
    },
    {
      "label": "SLS-NEURAL",
      "method": "sls",
      "model": "neural"
    },
    {
      "label": "SLS-KAN",
      "method": "sls",
      "model": "kan"
    }
  ],
  "training": {
    "epochs": 100000,
    "learning_rate": 0.0001,
    "optimiser": "adamw",
    "elapsed_time_seconds": 1309.8560810089111,
    "combinations_elapsed_time_seconds": {
      "PINN-NEURAL": 220.99458169937134,
      "PINN-KAN": 586.8948910236359,
      "SLS-NEURAL": 170.297016620636,
      "SLS-KAN": 331.66270327568054
    }
  },
  "integration": {
    "method": "monte_carlo",
    "dimension": 2
  },
  "evaluation": {
    "n_test_points": 1600,
    "combinations": {
      "PINN-NEURAL": {
        "l2_error": 0.0007646416602098941,
        "max_error": 0.002734118141233921,
        "mean_abs_error": 0.0006011682004689622,
        "v_l2_error": 0.004401021799738293,
        "v_max_error": 0.05600631237030029,
        "v_mean_abs_error": 0.002830003413546708,
        "sigma_l2_error": 0.004732206480745272,
        "sigma_max_error": 0.0658432500901256,
        "sigma_mean_abs_error": 0.0029131611358011434,
        "final_loss": 0.0008520824485458434,
        "best_loss": 0.000656721240375191,
        "best_loss_epoch": 98751
      },
      "PINN-KAN": {
        "l2_error": 0.00039707164983490906,
        "max_error": 0.001078050583600998,
        "mean_abs_error": 0.00032485623763804595,
        "v_l2_error": 0.0035281638058676807,
        "v_max_error": 0.05229782955694873,
        "v_mean_abs_error": 0.0026385473663734327,
        "sigma_l2_error": 0.003481764521141981,
        "sigma_max_error": 0.052088196808341536,
        "sigma_mean_abs_error": 0.0026040277676430234,
        "final_loss": 0.0005068706814199686,
        "best_loss": 0.00015385178267024457,
        "best_loss_epoch": 99201
      },
      "SLS-NEURAL": {
        "l2_error": 0.0010295193269143853,
        "max_error": 0.002265453338623047,
        "mean_abs_error": 0.000793627854833121,
        "v_l2_error": 0.0013974892126576515,
        "v_max_error": 0.006410419940948486,
        "v_mean_abs_error": 0.0011184239918356808,
        "sigma_l2_error": 0.0013229165090380406,
        "sigma_max_error": 0.00531326555633882,
        "sigma_mean_abs_error": 0.0010486559000162062,
        "final_loss": 4.877689207205549e-05,
        "best_loss": 4.4280233851168305e-05,
        "best_loss_epoch": 98251
      },
      "SLS-KAN": {
        "l2_error": 0.0009939789540923066,
        "max_error": 0.0021572113037109375,
        "mean_abs_error": 0.0007735493379074109,
        "v_l2_error": 0.0008393210251235643,
        "v_max_error": 0.004294707346446103,
        "v_mean_abs_error": 0.0006710346719073612,
        "sigma_l2_error": 0.0007578793249107255,
        "sigma_max_error": 0.0027712652924094527,
        "sigma_mean_abs_error": 0.0006179111659412565,
        "final_loss": 4.226701639709063e-05,
        "best_loss": 2.637770194269251e-05,
        "best_loss_epoch": 96801
      }
    }
  },
  "convergence": {
    "converged": true,
    "loss_decreasing": {
      "PINN-NEURAL": true,
      "PINN-KAN": true,
      "SLS-NEURAL": true,
      "SLS-KAN": true
    }
  },
  "output_files": [
    "results/convergence_curve.png",
    "results/solution_snapshots.png",
    "results/error_map.png",
    "results/experiment_log.json",
    "results/artifacts/evaluation_outputs.pkl",
    "results/artifacts/training_history.pkl",
    "results/artifacts/pinn_neural_params.msgpack",
    "results/artifacts/pinn_kan_params.msgpack",
    "results/artifacts/sls_neural_params.msgpack",
    "results/artifacts/sls_kan_params.msgpack"
  ]
}